"titles","dates","duplicate","source"
"Agreement Between The Government Of Australia And The Government Of The Union Of The Soviet Socialist Republics Relating To Cooperation In Fisheries","15.02.90",0,"IEADB5"
"Protocol For The Protection Of The Marine Environment Against Pollution From Land Based Sources","21.02.90",0,"ECOLEX3"
"Agreement Between The Government Of Portugal And The Government Of Sao Tome And Principe For The Cooperation In The Water Sector","02.03.90",0,"GNEVAR4"
"Amendments Regarding The BUKCarriage (IBC Code) To The International Convention For The Prevention Of Pollution From Ships","16.03.90",0,"IEADB14"
"Agreement Between The United States Of America And The Peoples Republic Of China Concerning Fisheries Off The United States Coast","22.03.90",1,"IEADB17"
"Agreement Between The United States Of America And The Peoples Republic Of China Concerning Fisheries Off The United States Coast","22.03.90",1,"GNEVAR6"
"Fisheries Off The United States Coast Agreement Between The United States Of America And The Peoples Republic Of China","22.03.90",1,"ECOLEX6"
"Agreement Between The United States Of America And Japan Regarding Squid And Large-mesh Drifinet Fisheries In The North Pacific Ocean (with Attachment)","12.04.90",0,"GNEVAR8"
"Memorandum Of Understanding Between The United States DepArticleent Of Agriculture And Forestry Canada On Cooperation In The Field Of Forestry-related Programs","17.05.90",0,"ECOLEX16"
"Protocol Establishing For The Period 1 January 1990 To 31 December 1991 The Fishing Opportunities And The Financial Contribution Provided For In The Agreement Between The European Economic Community And The Government Of The Peoples Republic Of Mozambique On Fisheries Relations","28.05.90",0,"GNEVAR18"
"Agreement On The Creation Of A Fund For Studies And Experts Destined To The Protection Of The Environment","05.06.90",0,"IEADB25"
"Agreement On Trade And Economic Cooperation Between Australia And The Socialist Republic Of Viet Nam","14.06.90",0,"ECOLEX19"
"Adjustment To The Montreal Protocol On Substances That Deplete The Ozone Layer","29.06.90",0,"IEADB28"
"Protocol Between Cyprus And Syria For Establishing A Joint General Committee For Cooperation In The Economic Commercial Industrial Agricultural Tourist Communications And Other Fields","01.07.90",0,"IEADB30"
"Agreement Between The Government Of The Federal Republic Of Germany And The Republic Of Tunisia On The Environment","17.07.90",0,"IEADB34"
"2 Arrangement Implementing The Nauru Agreement Setting Forth Additional Terms And Conditions Of Access To The Fisheries Zones Of The PArticlees","19.09.90",0,"IEADB42"
"Agreement On Fisheries Enforcement","26.09.90",0,"ECOLEX37"
"Agreement Between The Government Of The French Republic And The Government Of The Kingdom Of Belgium Relating To The Delimitation Of The Continental Shelf Signed In Brussels October 8 1990","08.10.90",0,"GNEVAR37"
"Convention On The International Commission For The Protection Of The Elbe","08.10.90",0,"ECOLEX41"
"Agreement On Cooperation In The Field Of Atomic Energy","25.10.90",0,"IEADB52"
"Environmental Cooperation Memorandum Between The United States Of America And Brazil 1990","16.11.90",0,"ECOLEX51"
"Agreement For The Development Of The South American Camelids (Vicuna)","21.11.90",0,"IEADB55"
"Fishing Agreement Between The Government Of The Republic Of Trinidad And Tobago And The Government Of Barbados","23.11.90",1,"GNEVAR44"
"Fishing Agreement Between The Government Of The Republic Of Trinidad And Tobago And The Government Of Barbados","23.11.90",1,"ECOLEX52"
"Fishing Agreement Between The Government Of The Republic Of Trinidad And Tobago And The Government Of Barbados","23.11.90",1,"IEADB56"
"Joint Declaration On The Conservation Of Fishery Resources Of The Governments Of Argentina And The United Kingdom Of Great Britain","28.11.90",0,"GNEVAR45"
"Agreement Between The European Economic Community And The Government Of Mauritius On Fishing In Mauritian Waters","29.11.90",0,"GNEVAR46"
"Agreement Between The Government Of The Russian Federation And The Swiss Federal Council In Case Of Disasters And Major Accidents","01.12.90",0,"ECOLEX56"
"Subsidiary Agreement On Fisheries Between The Government Of Australia And The Government Of Japan Concerning Japanese Tuna Long Line Fishing","12.12.90",0,"GNEVAR48"
"Convention On The Ban Of The Import Into Africa And The Control Of Transboundary Movement And Management Of Hazardous Wastes Within Africa","30.01.91",0,"IEADB63"
"Agreement Establishing Common Fisheries Surveillance Zones Of PArticlecipating Member States Of The Organisation Of Eastern Caribbean States","01.02.91",0,"IEADB64"
"Agreement Between Committee On Peaceful Uses Of Atomic Energy Of The Republic Of Bulgaria And The Greek Committee On Atomic Energy On Early Notification Of Nuclear Accidents And Exchange Of Information About Nuclear Facilities","15.02.91",0,"GNEVAR56"
"Agreement Of Cooperation In The Domain Of MArticleme Fisheries Between Cameroon And Senegal","19.02.91",0,"GNEVAR57"
"Agreement Between The Government Of United States Of America And The Government Of The French Republic On Matters Relating To Fishing In The Economic Zones Of The French Overseas Territories New Caledonia And Wallis And Futuna Islands","01.03.91",0,"ECOLEX65"
"Agreement Between Canada And The United States On Air Quality","13.03.91",0,"IEADB73"
"Arrangement Between The Government Of The United States And The Government Of Panama For Support And Assistance From The USA Coast Guard For The National Maritime Service Of The Ministry Of Government And Justice","18.03.91",0,"ECOLEX70"
"Amendments To The International Convention For The Protection Of New Varieties Of Plants","19.03.91",0,"IEADB75"
"Treaty Establishing A Common Market Between The Argentine Republic The Federal Republic Of Brazil The Republic Of Paraguay And The Eastern Republic Of Uruguay","26.03.91",0,"IEADB77"
"Agreement Of Technical Cooperation On Coffee Between The Republic Of Portugal And The Peoples Republic Of Angola","12.04.91",0,"ECOLEX72"
"Fisheries North Pacific Driftnet Agreement Between The United States Of America And Japan","23.04.91",0,"ECOLEX74"
"Agreement On Veterinary Services Between Malta And Tunisia","24.05.91",0,"IEADB87"
"Agreement In The Form Of Exchange Of Notes On The Further Extension Of And Amendments To The Agreement Between The United States Of America And The European Economic Community Concerning Fishing Off The Coast Of The United States","10.06.91",0,"GNEVAR69"
"Fisheries Off The United States Coast Agreement Between The United States Of America And The Republic Of Korea Of 1991","19.06.91",0,"ECOLEX81"
"Western Indian Ocean Tuna Organization Convention","19.06.91",0,"ECOLEX82"
"Agreement Between The Republic Of Estonia And RSFSR On The Use And Protection Of Natural Resources Of The Lake Peipsi From 1991 To 1995","01.08.91",0,"GNEVAR76"
"Exchange Of Notes Between Canada And The United States Extending Annex 4 Of The Treaty Concerning Pacific Salmon","12.08.91",0,"GNEVAR80"
"Agreement Between The Government Of The Russian Federation And The Government Of The Republic Of Korea On Cooperation In The Sphere Of Fisheries","16.09.91",0,"ECOLEX94"
"Exchange Of Notes Between The Government Of Canada And The Government Of The Kingdom Of Denmark Constituting An Agreement To Amend Annex B Of The 1983 Agreement Relating To The Marine Environment","07.10.91",0,"GNEVAR83"
"Annex 5 To The Protocol On Environmental Protection To The Antarctic Treaty (area Protection And Management) Approval Of Recommendation 16-10","17.10.91",0,"IEADB118"
"Agreement Between The Government Of The United States Of America And The Government Of Bolivia Concerning The Establishment Of An Enterprise For The Americas Environmental Account At The National Fund For The Environment","26.11.91",0,"ECOLEX106"
"Agreement On The Conservation Of Populations Of European Bats","04.12.91",0,"IEADB127"
"Agreement For The Establishment Of The Intergovernmental Organization For Marketing Information And Cooperation Services For Fishery Products In Africa","13.12.91",0,"IEADB131"
"Memorandum Of Understanding Between The Government Of The United States Of America And The Government Of The Peoples Republic Of China On Effective Cooperation And Implementation Of United Nations General Assembly Resolution 46215 Of December 20 1991","20.12.91",0,"GNEVAR104"
"Bilateral Agreement Between Jordan And Libya In Sea Trade Transportation And Sea Navigation","20.01.92",0,"ECOLEX115"
"Agreement On The Terms Of Trade Of Live Shellfish Between The Government Of The French Republic And The Government Of The Republic Of Iceland (all 8 Annexes) Signed In Paris January 30 1992","30.01.92",0,"GNEVAR108"
"Amendments To The Convention On The Protection Of The Marine Environment Of The Baltic Sea Area (Regulaton 6 Of Annex 4)","04.02.92",0,"IEADB133"
"Convention For The Conservation Of Anadromous Stocks","11.02.92",0,"ECOLEX121"
"Amendments To Annex 1 Of The International Convention For The Prevention Of Pollution From Ships","06.03.92",0,"IEADB142"
"Treaty On The Establishment And Functioning Of The Joint Water Commission Between The Government Of The Republic Of South Africa And The Government Of The Kingdom Of Swaziland","13.03.92",0,"IEADB146"
"Treaty On The Development And Utilisation Of The Water Resources Of The Komati River Basin Between The Government Of The Republic Of South Africa And The Government Of The Kingdom Of Swaziland","13.03.92",1,"IEADB145"
"Treaty On The Development And Utilisation Of The Water Resources Of The Komati River Basin Between The Government Of The Republic Of South Africa And The Government Of The Kingdom Of Swaziland","13.03.92",1,"GNEVAR112"
"Treaty On Development And Utilisation Of The Water Resources Of The Komati River Basin Between The Kingdom Of Swaziland And The Government Of The Republic Of South Africa","13.03.92",1,"GNEVAR111"
"Convention On The Transboundary Effects Of Industrial Accidents","17.03.92",0,"ECOLEX129"
"Convention On The Protection And Use Of Transboundary Watercourses And International Lakes","17.03.92",0,"ECOLEX130"
"Protocol Defining For The Period 3 May 1990 To 2 May 1992 The Fishing Opportunities And Financial Compensation Provided For In The Agreement Between The European Economic Community And The Government Of The Peoples Republic Of Angola On Fishing Off Angola","07.04.92",0,"GNEVAR115"
"Convention On The Protection Of The Black Sea Against Pollution","21.04.92",0,"IEADB159"
"Environmental Cooperation-Agreement Between The United States Of America And Ukraine Of 1992","07.05.92",1,"ECOLEX146"
"Environmental Cooperation Agreement Between The United States Of America And Ukraine Of 1992","07.05.92",1,"IEADB164"
"United Nations Framework Convention On Climate Change","09.05.92",0,"ECOLEX147"
"Agreement Establishing The Inter-American Institute For Global Change Research","13.05.92",1,"ECOLEX148"
"Agreement Establishing The Inter-American Institute For Global Change Research","13.05.92",1,"IEADB166"
"Memorandum Of Understanding Between The Government Of Canada And The Government Of Lithuania On Mutual Fisheries Relations","15.05.92",0,"ECOLEX149"
"Agreement Between The Ministry Of Ecology And Natural Resources Of The Russian Federation And The Federal Ministry Of Environment Conservation And Safety Of Nuclear Reactors About Assistance To Development Of The Economic Cooperation Directed On The Solution Of Problems In The Field Of Environmental Protection (about Creation Of Ecological Bureau)","28.05.92",0,"IEADB171"
"Convention On Biological Diversity","05.06.92",0,"IEADB173"
"Agreement On Cooperation In The Field Of Plant Quarantine And Plant Protection Between Hungary And Albania","12.06.92",0,"ECOLEX158"
"Agreement Between Denmark (on Behalf Of Greenland) Iceland And Norway Concerning The Stock Of Capelin In The Waters Between Greenland Iceland And Jan Mayen","25.06.92",0,"IEADB183"
"Cooperation Agreement On The Forecast Prevention And Mitigation Of Natural And Technological Disasters","18.07.92",0,"IEADB187"
"Memorandum Of Understanding Between The Belize Ministry Of Agriculture And Fisheries And The Ministry Of Agriculture Of Jamaica","18.08.92",0,"GNEVAR133"
"Agreement Between The Ministry Of Energy And Electrification The Ministry Of Environmental Protection Of Ukraine And The Federal Minister For The Environment Nature Conservation And Nuclear Safety On The Implementation Of The Pilot Project Facility For The Removal Of Sulphur From Combustion Gas For The 9th Power-generating Unit Of The Dobrotvir Thermoelectric Power Plant","27.08.92",0,"ECOLEX171"
"Ancillary Agreement To The Deed Of Undertaking And Relevant Agreements Entered Into Between The Lesotho Highlands Development Authority And The Government Of The Republic Of South Africa","31.08.92",0,"GNEVAR135"
"Agreement Between The Government Of The Republic Of Namibia And The Government Of The Republic Of South Africa On The Establishment Of A Permanent Water Commission Signed At Noordoewer 14 September 1992","14.09.92",0,"ECOLEX175"
"International Boundary Agreement Between The Sultanate Of Oman And The Republic Of Yemen","01.10.92",0,"GNEVAR141"
"Palau Arrangement For The Management Of The Western Pacific PUSA Seine Fishery","28.10.92",0,"IEADB200"
"Agreement On Cooperation In The Field Of Environmental Protection Between Hungary And Norway","02.11.92",1,"IEADB206"
"Agreement On Cooperation In The Field Of Environmental Protection Between Hungary And Norway","02.11.92",1,"ECOLEX183"
"Agreement Between The Government Of The Republic Of Lithuania And The Government Of The United States Of America Concerning Fisheries Off The Coasts Of The United States","12.11.92",0,"GNEVAR150"
"Minute No 289 Of The International Boundary And Water Commission United States And Mexico Entitled Observation On The Quality Of The Waters Along The United States And Mexico Border","13.11.92",0,"ECOLEX187"
"Amendment To The Montreal Protocol On Substances That Deplete The Ozone Layer","25.11.92",0,"ECOLEX189"
"Amendment 3 To The Constitutional Agreement Of The Latin American Organization For Fisheries Development","27.11.92",0,"IEADB216"
"Agreement On Relations In The Sea Fisheries Sector Between The European Economic Community And The Argentine Republic Exchange Of Letters Protocol 1 Establishing The Fishing Opportunities And Financial Compensation Provided For In The Agreement On Relations In The Sea Fisheries Sector Betweeen The Argentine Republic And The European Economic Community","30.11.92",0,"ECOLEX192"
"Protocol Supplementary To The Agreement Between The Government Of Ireland And The Government Of The United Kingdom Concerning The Delimitation Of Areas Of The Continental Shelf Between The 2 Countries","08.12.92",0,"GNEVAR154"
"Treaty Between The Czech Republic Government And The Slovak Republic Government On Mutual Relations And Principles Of Cooperation In Agriculture Food Industry Forestry And Water Economy Under The Conditions Of The Customs Union","10.12.92",0,"ECOLEX195"
"Agreement Between The Republic Of Italy And The Republic Of Albania On The Reciprocal Delimitation Of The Continental Shelf With Final Act Made At Tirana On 18 December 1992","18.12.92",0,"GNEVAR158"
"Agreement On The Exchange Of Information And Experience On Early Notification Of Nuclear Accidents And On Nuclear Safety And Protection Of Radiation","21.12.92",0,"IEADB225"
"Agreement Between The Government Of The Russian Federation And The Kingdom Denmark Government About Cooperation In The Field Of Environmental Protection","05.01.93",0,"IEADB227"
"Fisheries Of The United States Coast-Agreement Between The United States Of America And Latvia","08.04.93",0,"GNEVAR173"
"Agreement Between The Ministry Of Agriculture And Food Of Ukraine And The Ministry Of Agriculture Of The Czech Republic On Economic Scientific Technical And Production Cooperation","09.04.93",0,"ECOLEX222"
"Agreement Between The Federal Republic Of Germany And The Republic Of Lithuania On Protection Of The Environment","16.04.93",0,"IEADB248"
"Arrangement Implementing The Nauru Agreement Setting Forth Minimum Terms And Conditions Of Access To The Fisheries Zones Of The PArticlees","05.05.93",0,"ECOLEX225"
"Amendments To The Schedule To The International Convention For The Regulation Of Whaling 45 Meeting","14.05.93",0,"IEADB255"
"Agreement Between The Government Of The Republic Of Lithuania And The Government Of The Republic Of Finland On Fisheries","07.06.93",1,"ECOLEX233"
"Agreement Between The Government Of The Republic Of Lithuania And The Government Of The Republic Of Finland On Fisheries","07.06.93",1,"IEADB261"
"Convention On Civil Liability For Damage Resulting From Activities Dangerous To The Environment","21.06.93",0,"IEADB265"
"Convention Concerning The Prevention Of Major Industrial Accidents","22.06.93",0,"IEADB266"
"Agreement On Fisheries And The Marine Environment Between The European Economic Community And The Republic Of Iceland","24.06.93",0,"GNEVAR182"
"Constitution Of The Centre For Marketing Information And Advisory Services For Fishery Products In The Arab Region (INFOSAMAK)","24.06.93",0,"ECOLEX240"
"Protocol Establishing The Fishing Rights And Financial Compensation Provided For In The Agreement Between The European Economic Community And The Republic Of The Gambia On Fishing Off The Coast Of The Gambia For The Period 1 July 1993 To 30 June 1996","01.07.93",0,"ECOLEX244"
"Amendment To The Convention For The Establishment Of A Sub-Regional Commission On Fisheries","14.07.93",1,"GNEVAR190"
"Amendment Of The Convention Of 29 March 1985 On The Creation Of The Fisheries Sub-Regional Commission","14.07.93",1,"ECOLEX245"
"Agreement Between The Government Of The Russian Federation And The Government Of Czech Republic On Economic Scientific And Technical Cooperation In The Sphere Of Agro-industrial Complex","13.08.93",0,"ECOLEX249"
"Agreement Between State Committee Of Fisheries And Fishing Industry Of The Ukraine And Federal Fisheries Committee Of The Russian Federation Regarding Fisheries (1993)","14.09.93",0,"ECOLEX257"
"Agreement Between The Government Of Kazakhstan And The Government Of The Russian Federation On Cooperation In The Field Of Peaceful Use Of Atomic Energy","23.09.93",0,"IEADB284"
"Agreement Between The Russian Federation And Armenia On Cooperation In The Sphere Of Geodesy CArticlegraphy Cadastre And Distant Zoning Of The EArticle","04.10.93",0,"ECOLEX260"
"Protocol Amending Articlecle 1 (A) Articlecle 14 (1) And Articlecle 14 (3) (B) Of The European Agreement Of 30 September 1957 Concerning The International Carriage Of Dangerous Goods By Road (ADR)","28.10.93",1,"GNEVAR214"
"Protocol Amending Articlecle 1 (a) Articlecle 14 (1) And Articlecle 14 (3) (b) Of The European Agreement Of 30 September 1957 Concerning The International Carriage Of Dangerous Goods By Road (ADR)","28.10.93",1,"ECOLEX265"
"Regional Convention For The Management And Conservation Of The Natural Forest Ecosystems And The Development Of Forest Plantations","29.10.93",0,"GNEVAR215"
"Agreement Between The Republic Of Portugal And The Democratic Republic Of Sao Tome E Principe On Agricultural Cooperation","29.10.93",0,"ECOLEX266"
"Regulation No 92 Uniform Provisions Concerning The Approval Of Non-original Replacement Exhaust Silencing Systems (RESS) For Motorcycles Mopeds And 3-wheeled Vehicles","01.11.93",0,"ECOLEX269"
"Protocol Setting Out The Fishing Opportunities And Financial Contribution Provided For In The Agreement Between The European Community And The Islamic Republic Of Mauritania On Fishing Off The Coast Of Mauritania For The Period 1 August 1993 To 31 July 1996","05.11.93",0,"ECOLEX272"
"Agreement Between The Government Of Malta And The Government Of The Republic Of Tunisia Concerning Cooperation In The Environmental Field","10.11.93",0,"IEADB288"
"Protocol Establishing Fishing Rights And Financial Compensation Provided For In The Agreement Between The European Economic Community And The Government Of The Democratic Republic Of Sao Tome E Principe On Fishing Off Sao Tome E Principe For The Period 1 June 1993 To 31 May 1996","22.11.93",0,"GNEVAR233"
"Agreement To Promote Compliance With International Conservation And Management Measures By Fishing Vessels On The High Seas","24.11.93",1,"IEADB294"
"Agreement To Promote Compliance With International Conservation And Management Measures By Fishing Vessels On The High Seas","29.11.93",1,"ECOLEX287"
"Protocol On Conditions Relating To Reciprocal Access For Fishing Vessels Of Both PArticlees","29.11.93",0,"GNEVAR238"
"Amendments To Appendix 1 Of The Convention On The Conservation Of European Wildlife And Natural Habitats","03.12.93",0,"IEADB297"
"Agreement In The Form Of An Exchange Of Letters Between The European Economic Community And The Republic Of Iceland Concerning Fisheries","13.12.93",0,"GNEVAR246"
"Agreement On Grant For The Program On The Import Of Energy Conservation And Nature Conservation Equipment And Materials","16.12.93",0,"IEADB302"
"Agreement In The Form Of Exchanges Of Letters Between The European Community And The Government Of Canada Concerning Fisheries Relations","20.12.93",0,"GNEVAR249"
"Agreement Between The Government Of The Russian Federation And The Government Of Kazakhstan On Cooperation In The Sphere Of Fuel And Energy Sector","25.12.93",0,"GNEVAR252"
"Cooperation Agreement Between Egypt And Ukraine On Fisheries","01.01.94",1,"GNEVAR253"
"Agreement On Cooperation In The Field Of Radiation Influence Research To Minimize Influence Of Radioactive Pollution On Public Health And Environment","14.01.94",0,"GNEVAR255"
"Treaty Between The Government Of The Republic Of Croatia And The Government Of The Republic Of Slovenia On Maritime Fishing","07.02.94",0,"GNEVAR261"
"Agreement Between The Government Of The Russian Federation And The Government Of Mongolia On Cooperation In The Sphere Of Environmental Protection","15.02.94",0,"ECOLEX306"
"Agreement Between The Government Of The Republic Of Estonia And The Government Of The Republic Of Latvia On Cooperation In The Field Of Environmental Protection","18.02.94",1,"IEADB313"
"Agreement Between The Government Of The Republic Of Estonia And The Government Of The Republic Of Latvia On Cooperation In The Field Of Environmental Protection","18.02.94",1,"GNEVAR265"
"Agreement On Mineral And Energy Matters Relating To Walvis Bay","04.03.94",0,"IEADB317"
"Agreement On Plant Protection Signed On 8 March 1994 Between Hungary And The Czech Republic In Prague","08.03.94",1,"ECOLEX312"
"Agreement On Plant Protection Between Hungary And The Czech Republic In Prague","08.03.94",1,"GNEVAR275"
"Agreement Between The Government Of The Russian Federation And The Government Of Armenia On Deconservation And Renewed Operation Of The Armenian Atomic Power-plant","17.03.94",0,"GNEVAR278"
"Environmental Treaty","17.03.94",0,"GNEVAR279"
"Agreement Between The Environmental Protection Ministry Of The Republic Of Lithuania And The Ministry Of Environmental Protection Nature Conservation And Forestry Of The Republic Poland","21.03.94",0,"IEADB322"
"Agreement On The Reserve","29.03.94",0,"GNEVAR283"
"Agreement Between The Government Of The Republic Of Poland And The Government Of The Federal Republic Of Germany On Cooperation In Environmental Protection","07.04.94",0,"IEADB326"
"Agreement Between The Government Of The Russian Federation And The Government Of The Kingdom Of Spain About Cooperation In The Field Of Environment","11.04.94",0,"IEADB327"
"Agreement Between The Government Of The Russian Federation And The Government Of TUKenistan On Cooperation In The Sphere Of Fuel And Energy Sector","15.04.94",0,"GNEVAR287"
"World Trade Organization Agreement On The Application Of Sanitary And Phytosanitary Measures","15.04.94",0,"IEADB329"
"Amendments To The Palau Arrangement For The Management Of The Western Pacific PUSA Seine Fishery","29.04.94",0,"IEADB335"
"Treaty Between The Government Of The Republic Of Estonia And The Government Of The Russian Federation On The Conservation And Use Of Fishing Stocks In Lake Peipsi Lake Lammi And Lake Pihkva","04.05.94",0,"GNEVAR300"
"Agreement Between The Ministry Of Agriculture And Food Of The Russian Federation And The Ministry Of Agriculture And Food Of Poland On Cooperation In The Sphere Of Plant Quarantine And Plant Protection","05.05.94",0,"ECOLEX330"
"Technical Protocol On Water Resources Between Egypt And Romania","17.05.94",0,"GNEVAR304"
"Agreement On Relations In The Sea Fisheries Sector Between The European Economic Community And The Argentine Republic Exchange Of Letters Protocol 1 Establishing The Fishing Opportunities And Financial Compensation Provided For In The Agreement On Relations In The Sea Fisheries Sector Between The Argentine Republic And The European Economic Community","24.05.94",0,"GNEVAR307"
"Agreement On Cooperation In The Field Of Protection Regulation And Recreation Living Water Resources In The Boundary Waters Of Amur And Ussuri Rivers","27.05.94",0,"IEADB344"
"Agreement On Cooperation In The Field Of Environmental Protection","27.05.94",0,"GNEVAR309"
"Agreement Between The Government Of The Russian Federation And The Government Of The People<U+0092>s Republic Of China On Economic Scientific And Technical Cooperation In The Sphere Of Agro-industrial Complex","27.05.94",0,"ECOLEX336"
"Cooperation Agreement On Fisheries Between The Government Of Egypt And The Ukraine","29.05.94",1,"IEADB346"
"Agreement Between The Government Of The Russian Federation And The Government Of Estonia On Cooperation In The Sphere Of Standardization Metrology And Certification","30.05.94",0,"ECOLEX338"
"Agreement Between The Republic Of Korea And The Russian Federation On The Protection Of Migratory Birds With Annex","02.06.94",0,"GNEVAR315"
"Agreement Between The Government Of The Republic Of Croatia And The Government Of The Republic Of Hungary On Water Management Relations","10.06.94",0,"IEADB348"
"Amendments To Appendices 1 And 2 Of The Convention On The Conservation Of Migratory Species Of Wild Animals","11.06.94",0,"GNEVAR318"
"Agreement Between The State Subsoil Board Of Armenia And The State Geology And Subsoil Management Committee On Cooperation In The Sphere Of Geological Exploration And Management Of Subsoil","16.06.94",0,"ECOLEX345"
"Convention On Cooperation For The Protection And Sustainable Use Of The Danube River","29.06.94",1,"GNEVAR322"
"Convention On Cooperation For The Protection And Sustainable Use Of The Danube River","29.06.94",1,"ECOLEX348"
"Agreement Concerning Improvement To The Conveying Capacity Of The International Boundary Segment Of The Colorado River Effected By Minute No 291 Of The International Boundary And Water Commission","16.07.94",0,"GNEVAR324"
"Agreement Relating To The Implementation Of PArticleXI Of The United Nations Convention On The Law Of The Sea","28.07.94",0,"IEADB362"
"Agreement Between Belarus And Russia On Cooperation In Development Of Fuel-Energy Industries","01.09.94",0,"IEADB369"
"Framework Agreement Between The Government Of The Hellenic Republic And The Government Of The Republic Of Chile On Economic Scientific And Technical Cooperation","15.09.94",1,"ECOLEX370"
"Framework Agreement Between The Government Of The Hellenic Republic And The Government Of The Republic Of Chile On Economic Scientific And Technical Cooperation","15.09.94",1,"GNEVAR331"
"Protocol For The Protection Of The Mediterranean Sea Against Pollution Resulting From Exploration And Exploitation Of The Continental Shelf And The Seabed And Its Subsoil","14.10.94",0,"IEADB382"
"Treaty Of Peace Between The State Of Israel And The Hashemite Kingdom Of Jordan","26.10.94",0,"GNEVAR339"
"Amendments To Annex 3 Regarding Implementation To The International Convention For The Prevention Of Pollution From Ships","13.11.94",0,"IEADB387"
"Federated States Of Micronesia Arrangement For Regional Fisheries Access","14.11.94",1,"GNEVAR344"
"Agreement On Animal Health Signed In Prague On 8 March 1994 Between The Governments Of Hungary And The Czech Republic","17.11.94",0,"ECOLEX382"
"Agreement Between The Government Of The Republic Of Moldova And The Government Of Ukraine On The Joint Use And Protection Of Transboundary Waters","23.11.94",0,"IEADB391"
"Federated States Of Micronesia Arrangement For Regional Fisheries Access","30.11.94",1,"IEADB392"
"Proces-Verbal Applying The 1972 Agreement Between Canada And France On Their Mutual Fishing Relations","02.12.94",0,"GNEVAR347"
"Agreement Between The Government Of Belarus And The Government Of Ukraine On Cooperation In The Sphere Of Environmental Protection","16.12.94",0,"ECOLEX385"
"Protocol On Energy Efficiency And Related Environmental Aspects To The Energy ChArticler Treaty","17.12.94",0,"IEADB399"
"Agreement Between The Federal Republic Of Germany And The Czech Republic On The Implementation Of The Common Environmental Project Waste Water Treatment Plants In The North Of Bohemia","19.12.94",0,"ECOLEX391"
"Protocol For The Implementation Of The Alpine Convention Concerning Nature Protection And Landscape Conservation","20.12.94",0,"IEADB404"
"Protocol For The Implementation Of The Alpine Convention In The Field Of Mountain Agriculture","20.12.94",0,"ECOLEX393"
"Amendment To The Convention Establishing The Agency For The Development Of Joint Works","11.01.95",0,"IEADB407"
"Agreement Between The Kingdom Of The Netherlands And The Flemish Region Concerning The Drainage Of Water From The Meuse","17.01.95",0,"GNEVAR357"
"Agreement Between The Government Of The Russian Federation And The Government Of Mongolia On Cooperation In The Sphere Of The Prevention Of Industrial Accidents Natural Disasters And Mitigation Of The Consequences Thereof","11.02.95",0,"ECOLEX402"
"Bilateral Agreement Between Jordan And Sudan In Sea Navigation Commercial Sea Transportation And Ports","19.02.95",0,"GNEVAR366"
"Decree No 97-576 Promulgating The Agreement In The Form Of An Exchange Of Notes Between The Government Of The French Republic And The Swiss Federal Council Amending The Agreement Of 20 November 1980 On Fishing In Lake Geneva (with 2 Annexes) Signed In Paris On 7 And 17 November 1995","17.03.95",0,"GNEVAR367"
"Protocol Establishing For The Period From 1 January 1990 To 31 December 1991 The Fishing Rights And Financial Compensation Provided For In The Agreement Between The European Economic Community And The Government Of The Republic Of Guinea On Fishing Off The Guinean Coas","17.03.95",0,"GNEVAR368"
"Agreement On The Cooperation For The Sustainable Development Of The Mekong River Basin","05.04.95",0,"GNEVAR373"
"Exchange Of Notes Constituting An Agreement To Amend And To Provide For International Obligation Exchanges Under The Agreement Between The Government Of Australia And The Government Of Canada Concerning The Peaceful Use Of Nuclear Energy","10.04.95",0,"IEADB424"
"Works Of An Emergency Nature That Should Be Undertaken Promptly For Treatment Of Sinkholes That Have Developed In The Reservoir At Amistad Dam (Minute No 292)","28.04.95",0,"GNEVAR381"
"Agreement Between The Government Of The United States Of America And The Government Of Malaysia Concerning The Transboundary Movement Of Hazardous Wastes Form Malaysia To The United States","10.05.95",0,"GNEVAR382"
"Agreement Between The Government Of The Russian Federation And The Government Of TUKenistan On Cooperation In Oil And Natural Gas Sectors","17.05.95",0,"GNEVAR384"
"Agreement On Cooperation In The Field Of Plant Quarantine","18.05.95",0,"IEADB426"
"Agreement Between The Government Of The Russian Federation And The Government Of TUKenistan On Cooperation In The Sphere Of Plant Quarantine","18.05.95",0,"ECOLEX418"
"Agreement On Plant Health And Plant Protection Between Hungary And Ukraine","19.05.95",0,"ECOLEX420"
"Agreement Regarding The Statutes Of The Binational Administrative Commission Of The Lower River Pilcomayo Basin","26.05.95",0,"GNEVAR386"
"Agreement Between The Government Of The Republic Of Poland And The Government Of The Republic Of Lithuania On Early Notification Of A Nuclear Accident And On Cooperation In The Field Of Nuclear Safety And Radiation Protection","02.06.95",0,"GNEVAR389"
"Regulation Applying The Agreement Between Switzerland And France Regarding Fishing Rights And Protection Of The Aquatic Environment In That PArticleOf The Doubs Forming The Frontier Between The 2 States","02.06.95",0,"GNEVAR388"
"Agreement For The Improvement Of The Resources Of The Upper Basin Of The Bermejo River And The Rio Grande De Tarija","09.06.95",0,"IEADB435"
"Amendments To The Convention For The Protection Of The Mediterranean Sea Against Pollution","10.06.95",1,"GNEVAR392"
"Amendments To The Protocol For The Prevention Of Pollution Of The Mediterranean Sea By Dumping From Ships And Aircraft","10.06.95",1,"GNEVAR393"
"Bilateral Agreement Between Jordan And Yemen In Sea Navigation Sea Commercial Transportation And Ports","18.06.95",0,"GNEVAR397"
"Convention Between The Government Of The Russian Federation And The Government Of The People<U+0092>s Republic Of China On Plant Quarantine And Plant Protection","26.06.95",0,"ECOLEX433"
"Protocol Defining For The Period 18 January 1993 To 17 January 1996 The Fishing Opportunities And The Financial Contribution Provided For By The Agreement Between The European Community And The Republic Of Seychelles On Fishing Off Seychelles","27.06.95",0,"GNEVAR399"
"Protocol Establishing The Fishing Possibilities And Financial Compensation Provided For In The Agreement Between The European Economic Community And The Government Of The Republic Of Senegal On Fishing Off The Coast Of Senegal For The Period From 2 October 1994 To 1 October 1996","29.06.95",0,"GNEVAR403"
"Amendments To The International Convention On Standards Of Training Certification And Watchkeeping For Seafarers Major Revisions","07.07.95",0,"IEADB445"
"Agreement Between The Republic Of TUKy And The Republic Of Uzbekistan On Cooperation In The Field Of Science And Technology","09.07.95",0,"ECOLEX437"
"Agreement On The Exchange Of Information In Case Of Nuclear Accidents","11.07.95",0,"IEADB447"
"Extension Of The Agreement On Enviornomental Management Of The Lielupe River Basin","21.07.95",1,"IEADB451"
"Extension Agreement On Environmental Managament Of The Lielupe River Basin","21.07.95",1,"GNEVAR408"
"Agreement Between The Government Of The Republic Of Lithuania Government Of The Republic Of Estonia And The Government Of The Republic Of Latvia On Cooperation In The Field Of Environment Protection","21.07.95",0,"ECOLEX442"
"Agreement Between The Government Of The Russian Federation And The Government Of Ukraine On Cooperation In The Operation Of Main Oil-products Pipelines","26.07.95",0,"ECOLEX443"
"Agreement Between The Government Of Uzbekistan And The Government Of Georgia On Cooperation In The Sphere Of Agriculture And Food Industry","04.09.95",0,"ECOLEX454"
"Agreement In The Form Of Exchange Of Notes Between The Government Of The French Republic And The Swiss Federal Council Amending The Agreement Of 20 November 1980 On The Removal Of Phosphorus From The Waters Of Lake Geneva Signed In Paris On 10 April And 19 September 1995","19.09.95",0,"GNEVAR417"
"Agreement Regarding Rapid Notification Of A Nuclear Accident And Exchange Of Information On Nuclear Installations","03.10.95",0,"IEADB465"
"Emergency Cooperative Measures To Supply Municipal Needs Of Mexican Communities Located Along The Rio Grande Downstream Of Amistad Dam (Minute No 293)","04.10.95",0,"ECOLEX461"
"Protocol Of The 14 Session Of The Hellenic Romanian Intergovernmental Joint Committee On Economic Industrial And Technical Cooperation","05.10.95",0,"ECOLEX462"
"Agreement Between The Government Of The Russian Federation And The Government Of Azerbaijan On Cooperation In The Sphere Of Electric Energy","07.10.95",0,"GNEVAR423"
"Agreement On Veterinary Cooperation Between The Government Of The Republic Of Croatia And The Government Of The Former Yugoslav Republic Of Macedonia","17.11.95",0,"IEADB475"
"Agreement In The Form Of An Exchange Of Notes Concerning The Agreement Concerning Fishing In Lac Leman","17.11.95",0,"IEADB474"
"Protocol Of Application Of The Convention On Marine Fisheries Of The Dakar Agreement Of 22 December 1978","24.11.95",0,"GNEVAR429"
"Agreement Between The Federal Republic Of Germany And The Czech Republic On Cooperation On Water Resource Management","12.12.95",0,"IEADB484"
"Treaty On The South East Asia Nuclear Weapon Free Zone","15.12.95",1,"GNEVAR432"
"Protocol To The Treaty On South East Asia Nuclear Weapon Free Zone","15.12.95",0,"IEADB487"
"Treaty On The South East Asia Nuclear Weapon Free Zone","15.12.95",1,"IEADB486"
"Agreement Between The Government Of Kazakhstan And The Government Of Israel On Cooperation In The Sphere Of Environmental Protection","27.12.95",0,"ECOLEX486"
"Exchange Of Notes Between Switzerland And France Regarding The Interpretation Of Articlecle 6 Of The Agreement Between Switzerland And France Regarding Fishing Rights And Protection Of The Aquatic Environment In That PArticleOf The Doubs Forming The Frontier Between The 2 States","30.12.95",0,"GNEVAR435"
"Agreement Between The Government Of The Republic Of Estonia And The Government Of The Russian Federation On Cooperation In The Field Of Environment","11.01.96",0,"IEADB493"
"Maritime Boundary Agreement Between The Government Of The State Of Israel And The Government Of The Hashemite Kingdom Of Jordan","18.01.96",0,"ECOLEX490"
"Amendments To Appendices 2 And 3 Of The Convention On The Conservation Of European Wildlife And Natural Habitats","26.01.96",0,"IEADB495"
"Treaty Between His Majestys Government Of Nepal And The Government Of India Concerning The Integrated Development Of The Makahali River Including Sarada Barrage Tanakpur Barrage And Pancheshwar Project","12.02.96",1,"ECOLEX494"
"Treaty Between His Majestys Government Of Nepal And The Government Of India Concerning The Integrated Development Of The Mahakali River Including Sarada Barrage Tanakpur Barrage And Pancheshwar Project","12.02.96",1,"IEADB498"
"Veterinary And Sanitary Convention Between The Government Of Belarus And The Government Of Bulgaria","21.02.96",0,"ECOLEX499"
"Convention Between The Government Of Belarus And The Government Of Bulgaria On Cooperation In The Field Of Quarantine And Protection Of Plants","21.02.96",0,"IEADB500"
"Protocol Of The 1 Joint Greek Ukrainian Inter-governmental Committee On Economic Industrial Technical And Scientific Cooperation","29.02.96",0,"ECOLEX502"
"Amendments To The Protocol For The Protection Of The Mediterranean Sea Against Pollution From Land Based Sources And Activities","07.03.96",0,"IEADB503"
"Bilateral Agreement Between Norway And The Faroe Islands On Fishing In The North East Atlantic","13.03.96",1,"IEADB504"
"Bilateral Agreement Between Norway And The Faroe Islands On Fishing In The North East Atlantic","13.03.96",1,"GNEVAR450"
"Convention Between The Government Of The Russian Federation And The Government Of Bulgaria On Cooperation In The Sphere Of Veterinary Medicine","15.03.96",0,"ECOLEX505"
"Agreement Between The Government Of The Russian Federation And The Government Of Kyrgyzstan On Cooperation In The Sphere Of Electric Energy","28.03.96",0,"ECOLEX506"
"Agreement Between The Government Of Kazakhstan The Government Of Kyrgyzstan And The Government Of Uzbekistan On Management Of Water Resources In Central Asia","05.04.96",0,"IEADB505"
"The African Nuclear Weapon Free Zone Treaty","11.04.96",0,"GNEVAR455"
"Protocol 2 To The African Nuclear Weapon Free Zone Treaty","11.04.96",0,"IEADB509"
"Agreement Between The Government Of The Russian Federation And The Government Of France On Cooperation In The Sphere Of Nuclear Energy","19.04.96",0,"ECOLEX513"
"Agreement Between The Government Of The Russian Federation And The Government Of The People<U+0092>s Republic Of China On Cooperation In The Sphere Of Compliance Of Imported And Exported Commodities With The Established Standards","25.04.96",0,"ECOLEX516"
"Agreement Between The Government Of The Russian Federation And The Government Of People<U+0092>s Republic Of China On Protection Of Intellectual Property Rights","25.04.96",0,"ECOLEX519"
"Agreement Between The Russian Federation And The People<U+0092>s Republic Of China Regarding Lake Hanka National Natural Preserve","25.04.96",0,"ECOLEX518"
"Agreement On Cooperation Between The Government Of The Russian Federation And The Government Of The United Mexican States In The Sphere Of Research And Management Of Outer Space For Peaceful Purposes","20.05.96",0,"ECOLEX525"
"Agreement Between The Government Of Uzbekistan And The Government Of Georgia On Cooperation In The Sphere Of Geodesy CArticlegraphy And Geoinformatics","28.05.96",0,"ECOLEX527"
"Bilateral Agreement On Plant Protection Between The Government Of The Republic Of Croatia And The Government Of The Republic Of Bulgaria","24.06.96",0,"ECOLEX530"
"Agreement On Maritime Delimitation Between The Government Of The French Republic And The Government Of The United Kingdom Of Great Britain And Northern Ireland Concerning Guadeloupe And Montserrat 27 June 1996","27.06.96",0,"GNEVAR472"
"Amendments To The Schedule To The International Convention For The Regulation Of Whaling 40-8 Meeting","28.06.96",0,"IEADB526"
"Protocol To The Agreement Between The Republic Of Estonia And The Republic Of Latvia On The Maritime Delimitation In The Gulf Of Riga The Strait Of Irbe And The Baltic Sea Between The Prime Minister Of The Republic Of Estonia And The Minister President Of The Republic Of Latvia","12.07.96",0,"ECOLEX533"
"Protocol On Energy","24.08.96",0,"GNEVAR480"
"Agreement Between The Government Of The Russian Federation And The Government Of The United Kingdom Of Great Britain And Northern Ireland On Cooperation In The Sphere Of Peaceful Utilization Of Nuclear Energy","03.09.96",0,"GNEVAR481"
"Comprehensive Nuclear Test Ban Treaty","10.09.96",0,"IEADB541"
"Agreement Between Austria And Egypt On Economic Industrial Technical And Technological Cooperation","12.09.96",0,"ECOLEX546"
"Agreement Between The Government Of The Republic Of Poland And The Government Of The Slovak Republic On Early Notification Of Nuclear Accidents On Exchange Of Information And Cooperation In The Field Of Nuclear Safety And Radiation Protection","17.09.96",0,"GNEVAR486"
"Agreement On Cooperation In The Field Of Plant Quarantine And Plant Protection Between The Government Of The Federal Republic Of Yugoslavia And The Government Of Romania","21.09.96",0,"IEADB545"
"Protocol To The Comprehensive Nuclear Test Ban Treaty","24.09.96",0,"GNEVAR487"
"Amendments To The Benelux Convention On The Hunting And Protection Of Birds (deleting Paragraph 100 Of Articlecle 1)","02.10.96",0,"IEADB549"
"Agreement On Veterinary Cooperation Between The Government Of The Federal Republic Of Yugoslavia And The Government Of The Slovak Republic","03.10.96",1,"ECOLEX550"
"Agreement Between The Federal Government Of The Federal Republic Of Yugoslavia And The Government Of The Slovak Republic On Cooperation In The Field Of Veterinary Medicine","03.10.96",1,"IEADB551"
"Agreement For Cooperation Between The General Naval Prefecture Of Paraguay And Argentina Naval Prefecture","25.10.96",0,"GNEVAR494"
"Convention On Conservation And Development Of Fishery Resources In The Border Sections Of The Parana And Paraguay Rivers Between Argentina And Paraguay","25.10.96",0,"GNEVAR495"
"Agreement Between The Government Of The Russian Federation And The Government Of Romania On The Expansion Of Capacity Of Transit Pipeline On The Territory Of Romania For The Increase Of Delivery Of Natural Gas From The Russian Federation To The 3 Countries And To Romania (1996)","25.10.96",0,"ECOLEX558"
"Agreement On The Conservation Of Cetaceans Of The Black Sea Mediterranean Sea And Contiguous Atlantic Area","24.11.96",0,"GNEVAR502"
"Agreement On Fisheries Relations Between The European Community And The Republic Of Estonia","20.12.96",0,"ECOLEX574"
"Protocol Laying Down The Conditions Relating To Temporary Joint Ventures And Joint Enterprises Provided For In The Agreement On Fisheries Relations Between The European Community And The Republic Of Lithuania","20.12.96",0,"GNEVAR509"
"Agreement On Eternal Friendship Between Uzbekistan And Kyrgyzstan","24.12.96",0,"ECOLEX577"
"Agreement Between The Government Of Uzbekistan And The Government Of Kyrgyzstan On Transport Of Mercury And Mercurides","25.12.96",0,"ECOLEX579"
"Agreement On Freight And Passenger Transport Along The Lancang-Mekong River","07.01.97",0,"GNEVAR512"
"Agreement Between The Government Of The Federal Republic Of Germany And The Government Of The Grand Duchy Of Luxembourg Concerning Flood Warning Systems In The Moselle Catchment Area","04.02.97",0,"GNEVAR514"
"Agreement Between The Government Of The Russian Federation And The Government Of Kazakhstan On Cooperation And Integration Of Oil And Gas Sectors","25.02.97",0,"GNEVAR515"
"Agreement In The Form Of An Exchange Of Letters Concerning The Provisional Application Of The Agreement Between The European Community And New Zealand On Sanitary Measures Applicable To Trade In Live Animals And Animal Products","26.02.97",0,"ECOLEX595"
"Amendments To IBC Code Of The International Convention For The Prevention Of Pollution From Ships","10.03.97",0,"IEADB575"
"Treaty Between The Government Of Australia And The Government Of The Republic Of Indonesia Establishing An Exclusive Economic Zone Boundary And Certain Seabed Boundaries","14.03.97",0,"ECOLEX601"
"Protocol To The Agreement Between The Government Of India And The Royal Government Of Bhutan Regarding The Chukha Hydroelectric Project","19.03.97",0,"GNEVAR519"
"Agreement On Plant Protection Collabration Between The Government Of The Federal Republic Of Yugoslavia And The Government Of The Republic Of Hungary","20.03.97",0,"ECOLEX603"
"Agreement On Border Management And Cooperation","25.03.97",0,"GNEVAR521"
"Agreement Between The Republic Of TUKy And The Republic Of Slovakia On Cooperation For The Protection Of The Environment","02.04.97",0,"IEADB582"
"Protocol Defining For The Period From 18 January 1996 To 17 January 1999 The Fishing Opportunities And Financial Contribution Provided For By The Agreement Between The European Economic Community And The Republic Of Seychelles On Fishing Off Seychelles","04.04.97",0,"GNEVAR523"
"Agreement Between The Government Of The Hellenic Republic And The Government Of Georgia In The Field Of Agriculture","10.04.97",0,"ECOLEX607"
"Distribution Of Construction Operation And Maintenance Costs For The International Wastewater Treatment Plant Constructed Under The Agreements In Commission Minute No 283 For The Solution Of The Border Sanitation Problem At San Diego CaliforniaTijuana Baja California (Minute No 296 Of 1997)","16.04.97",1,"GNEVAR525"
"Agreement On Cooperation In The Field Of Plant Quarantine And Plant Protection Between The Government Of The Federal Republic Of Yugoslavia And The Government Of The Former Yugoslav Republic Of Macedonia","23.04.97",1,"ECOLEX612"
"Agreement Between The Federal Government Of The Federal Republic Of Yugoslavia And The Government Of The Republic Of Macedonia In The Field Of Plant Protection And Plant Quarantine","23.04.97",1,"IEADB586"
"Amendment To Articlecle 21 Of The International Hydrographic Organisation Convention","25.04.97",0,"IEADB588"
"Protocol Establishing The Fishing Rights And Financial Compensation Provided For In The Agreement Between The European Economic Community And The Government Of The Republic Of Senegal On Fishing Off The Coast Of Senegal For The Period From 1 May 1997 To 30 April 2001","01.05.97",0,"ECOLEX617"
"Agreement On Cooperation In The Field Of Quarantine And Protection Of Plants","03.05.97",0,"IEADB591"
"Supplementary Adjustment To The Agreement For Cooperation For Improvement Of Natural Resources And Development Of The Cuareim River Basin Between Uruguay And Brazil","06.05.97",0,"GNEVAR532"
"Agreement Between The Government Of Belarus And The Government Of Ukraine On Joint Action For The Mitigation Of Consequences Of The Chernobyl Disaster","12.05.97",0,"ECOLEX623"
"Protocol Defining (for The Period Between 3 May 1996 To 2 May 1999) The Fishing Opportunities And Financial Compensation Provided For In The Agreement Between The European Economic Community And The Peoples Republic Of Angola On Fishing Off Angola","14.05.97",0,"ECOLEX626"
"Bilateral Agreement Between Jordan And Algeria In Commercial Sea Transportation And Ports","20.05.97",0,"GNEVAR535"
"Convention On The Law Of The Non-Navigational Uses Of International Watercourses","21.05.97",0,"ECOLEX631"
"Agreement Between Romania And Hungary Regarding Rapid Notification Of A Nuclear Accident","26.05.97",0,"GNEVAR537"
"Agreement Between The Government Of The Russian Federation And The Government Of Ukraine On Cooperation In The Sphere Of Mercury Waste Recycling","28.05.97",0,"GNEVAR538"
"Operations And Maintenance Program And Distribution Of Costs Costs For The International Project To Improve The Quality Of The Waters Of The Rio Grande At Laredo Texas-Nuevo Laredo Tamaulipas (Minute No 297)","31.05.97",0,"GNEVAR540"
"Agreement On Cooperation In The Field Of Plant Protection Between The Government Of The Federal Republic Of Yugoslavia And The Government Of The Republic Of Poland","12.06.97",1,"ECOLEX642"
"Agreement On Cooperation In The Field Of Plant Protection Between The Government Of The Federal Republic Of Yugoslavia And The Government Of The Republic Of Poland","12.06.97",1,"IEADB611"
"Supplementary Protocol To The Convention On Conservation And Development Of Fishery Resources In The Border Sections Of The Parana And Paraguay Rivers Between Argentina And Paraguay","18.06.97",0,"IEADB612"
"Agreement Between The Government Of Ukraine And The Government Of Czech Republic On Cooperation In The Sphere Of Nuclear Energy And Nuclear Industry","30.06.97",0,"GNEVAR548"
"Agreement Between The Government Of The Republic Of Estonia And The Government Of The Russian Federation On Cooperation In The Field Of Protection And Sustainable Use Of Transboundary Watercourses","20.08.97",0,"IEADB621"
"Joint Convention On The Safety Of Spent Fuel Management And On The Safety Of Radioactive Waste Management","05.09.97",0,"GNEVAR559"
"Amendment To The Montreal Protocol On Substances That Deplete The Ozone Layer","17.09.97",0,"ECOLEX665"
"Protocol Between TUKy And Uzbekistan On Agricultural Cooperation","23.09.97",0,"ECOLEX669"
"Protocol Related To Forestry Between The Republic Of TUKy And The Republic Of Uzbekistan","15.10.97",0,"ECOLEX673"
"Amendment Of The Agreement For The Establishment Of A General Fisheries Commission For The Mediterranean 1949","04.11.97",1,"ECOLEX678"
"Amendment Of The Agreement For The Establishment Of A General Fisheries Commission For The Mediterranean 1949","04.11.97",1,"GNEVAR569"
"Protocol Between The Russian Federation And People<U+0092>s Republic Of China On Protection Of Tiger","10.11.97",0,"ECOLEX679"
"Agreement On Transboundary Waters Between Hungary And Ukraine","11.11.97",0,"GNEVAR575"
"Bilateral Agreement In The Form Of An Exchange Of Notes Between Costa Rica And The United States On The Transfrontier Movement Of Dangerous Waste To Allow The Export Of Dangerous Waste To The United States Of America","17.11.97",0,"IEADB648"
"Additional Protocol To The Agreement Of 28 May 1980 Between Norway And Iceland Concerning Fishery And Continental Shelf Questions And The Agreement Derived Therefrom Of 22 October 1981 On The Continental Shelf Between Jan Mayen And Iceland","17.11.97",1,"ECOLEX685"
"Additional Protocol To The Agreement Of 28 May 1980 Between Norway And Iceland Concerning Fishery And Continental Shelf Questions And The Agreement Derived Therefrom Of 22 October 1981 On The Continental Shelf Between Jan Mayen And Iceland","17.11.97",1,"GNEVAR577"
"Agreement On Cooperation In The Field Of Building Sustainable Housing And Spatial Planning","21.11.97",0,"IEADB652"
"Agreement Between On The Principles Of Relations Between The Russian Federation And The Republic Of Panama","27.11.97",0,"GNEVAR581"
"Agreement In The Form Of An Exchange Of Letters Concerning The Amendment To The Agreement On Cooperation In The Sea Fisheries Sector Between The European Community And The Islamic Republic Of Mauritania Initialled In Brussels On 20 June 1996","04.12.97",0,"ECOLEX692"
"Agreement For Scientific And Technological Cooperation Between The European Community And The Government Of The United States Of America","05.12.97",0,"GNEVAR587"
"Kyoto Protocol To The United Nations Framework Convention On Climate Change","11.12.97",0,"ECOLEX697"
"Amendment To The List In Annex 1 To The United Nations Framework Convention On Climate Change (deleting Czechoslovakia And Adding Croatia The Czech Republic Liechtenstein Monaco Slovakia And Slovenia)","11.12.97",0,"IEADB657"
"Agricultural And Forestry Cooperation Agreement","18.12.97",0,"IEADB659"
"Agreement Between The Government Of The Russian Federation And The Government Of Uzbekistan On Cooperation In The Sphere Of Peaceful Utilization Of Nuclear Energy","22.12.97",0,"GNEVAR594"
"Memorandum On Mutual Cooperation Between The Ministry Of Forestry Of The Republic Of TUKy And The Ministry Of Nature Utilisation And Environmental Protection Of TUKenistan","28.12.97",0,"ECOLEX705"
"Agreement Between The European Community And The United States Of America On Sanitary Measures To Protect Public And Animal Health In Trade In Live Animals And Animal Products","01.01.98",0,"ECOLEX707"
"Agreement Between The Government Of The Republic Of Poland And The Government Of The Czech Republic On Cooperation In The Field Of Environmental Protection","15.01.98",0,"IEADB663"
"Agreement Of Unified Terms Of Transit of Hazardous Wastes Through The Territories Of States-Members Of The Custom Union (Commonwealth Of Independent States)","22.01.98",0,"IEADB665"
"Agreement Between The Government Of Belarus And The Cabinet Of Ministers Of Ukraine On Inland Waterways Navigation","06.02.98",0,"GNEVAR598"
"Agreement Between The Government Of Uzbekistan And The Government Of Moldova On Producers<U+0092> Cooperatives","10.02.98",0,"ECOLEX715"
"Agreement Of PArticleal Scope On Energy Integration Between The Republic Of Argentina And The Republic Of Bolivia","16.02.98",0,"GNEVAR599"
"Agreement On The Use Of Water And Energy Resources Of The Syr Darya Basin","17.03.98",0,"IEADB684"
"Agreement Between The Government Of The Hellenic Republic And The Government Of The Republic Of Moldova On Economic And Technological Cooperation","23.03.98",0,"ECOLEX731"
"Agreement Between The Government Of The Russian Federation And The Government Of Kyrgyzstan On Cooperation In The Sphere Of Civil Protection Prevention And Mitigation Of Emergency Situations","23.03.98",0,"ECOLEX730"
"Agreement (No 641998) Between The Austrian Federal Government And Hungary On The Establishment Of A Veterinary Border Control Point At RabafuzesHeiligenkreuz On Hungarian Territory","01.04.98",1,"IEADB690"
"Agreement Between The Austrian Federal Government And Hungary On The Establishment Of A Veterinary Border Control Point At RabafuzesHeiligenkreuz On Hungarian Territory","01.04.98",1,"ECOLEX732"
"Bilateral Technical And Scientific Cooperation Agreement Between Syria And Italy Signed In Damascus On 23 April 1998","23.04.98",0,"GNEVAR608"
"Protocol No 2 To The European Outline Convention On Transfrontier Cooperation Between Territorial Communities Or Authorities Concerning Interterritorial Cooperation","05.05.98",0,"IEADB697"
"Amendments To The Schedule To The International Convention For The Regulation Of Whaling 50 Meeting","20.05.98",0,"IEADB701"
"Bilateral Agreement Between Jordan And The Islamic Republic Of Iran In Sea Navigation And Transportation","16.06.98",0,"ECOLEX751"
"Convention On Access To Information Public PArticlecipation In Decision-Making And Access To Justice In Environmental Matters","25.06.98",0,"ECOLEX755"
"Convention On Cooperation Related To Quarantine And Phytosanitary Protection Between Argentina And Russia","26.06.98",0,"IEADB710"
"Agreement Between Government Of Bulgaria And Government Of Slovenia On Cooperation In The Field Of Quarantine And Protection Of Plants","30.06.98",0,"IEADB712"
"Agreement Between Government Of Bulgaria And Government Of Slovenia In The Field Of Veterinary Medicine","30.06.98",0,"IEADB711"
"Agreement Between Romania And The United States Regarding The Application Of The Peaceful Uses Of Nuclear Energy","05.07.98",0,"GNEVAR616"
"Bilateral Agreement Between Jordan And United Arab Emirates In Sea Navigation Sea Commercial Transportation And Ports","23.07.98",1,"ECOLEX761"
"Bilateral Agreement Between Jordan And United Arab Emirates In Sea Navigation Sea Commercial Transportation And Ports","23.07.98",1,"GNEVAR620"
"Convention On The Prior Informed Consent Procedure For Certain Hazardous Chemicals And Pesticides In International Trade","10.09.98",0,"IEADB723"
"Agreement On Cooperation In The Forestry Sector And Forestry","11.09.98",1,"IEADB725"
"CIS Agreement On Cooperation In The Sphere Of Timber Industry And Forestry","11.09.98",1,"ECOLEX773"
"Agreement On Basic Principles Of Mutual Activity In The Area Of The Rational Use And Protection Of Transboundary Water Bodies","11.09.98",0,"IEADB726"
"Agricultural Cooperation Agreement Between Egypt And Jordan","16.09.98",0,"ECOLEX778"
"Agreement Between The Government Of The Republic Of Croatia And The Government Of Romania Regarding Collaboration On Veterinary Matters","29.09.98",0,"IEADB727"
"Agreement Between The Government Of The Russian Federation And Portugal On Cooperation In The Sphere Of Civil Protection Prevention And Mitigation Of Emergency Situations","09.10.98",0,"ECOLEX783"
"Protocol Establishing For The Period From 1 July 1997 To 30 June 2000 The Fishing Rights And Financial Compensation Provided For In The Agreement Between The European Economic Community And The Government Of The Republic Of Equatorial Guinea On Fishing Off The Coast Of Equatorial Guinea","14.10.98",0,"GNEVAR626"
"Protocol For The Implementation Of The Alpine Convention Of 1991 In The Field Of Tourism","16.10.98",1,"ECOLEX791"
"Protocol For The Implementation Of The 1991 Alpine Convention On Soil Protection","16.10.98",0,"ECOLEX789"
"Protocol For The Implementation Of The Alpine Convention Concerning Tourism","16.10.98",1,"IEADB731"
"Agreement Between The Government Of Kazakhstan And The Executive Branch Of Georgia On Cooperation In The Field Of Environmentally Clean Automotive Special Transportation And Its Infrastructure","22.10.98",0,"IEADB734"
"Memorandum Of Understanding Between The Republic Of Kenya The United Repubic Of Tanzania And The Republic Of Uganda For Cooperation On Environment Management","22.10.98",0,"ECOLEX794"
"Agreement In The Form Of An Exchange Of Letters Between The European Community And The Government Of The Republic Of Guinea Concerning The Provisional Application Of The Protocol Establishing The Fishing Possibilities And The Financial Compensation Provided For In The Agreement Between The European Economic Community And The Government Of The Revolutionary Peoples Republic Of Guinea On Fishing Off The Guinean Coast For The Period 1 January 1998 To 31 December 1999","27.10.98",0,"ECOLEX799"
"Agreement Between The Government Of The Republic Of Estonia And The Government Of The Kingdom Of Sweden On The Delimitation Of The Maritime Zones In The Baltic Sea","02.11.98",0,"GNEVAR637"
"Convention On The Protection Of The Environment Through Criminal Law","04.11.98",0,"ECOLEX804"
"Agreement Between Denmark Finland Iceland Norway And Sweden On The Nordic Environment Finance Corporation","06.11.98",0,"IEADB737"
"Agreement Between The Government Of The Hellenic Republic And The Government Of The Republic Of Kenya On Economic Scientific And Technological Cooperation","16.11.98",0,"ECOLEX806"
"Agreement Between The European Community And The Gabonese Republic On Fishing Off The Coast Of Gabon Protocol Setting Out The Fishing Opportunities And Financial Compensation Provided For In The Agreement Between The European Community And The Gabonese Republic On Fishing Off The Coast Of Gabon","03.12.98",0,"GNEVAR641"
"Amendments To The International Convention For The Safety Of Life At Sea Adoption Of Resolution And Annexes On Ship Reporting Systems For North Atlantic Right Whales Off The North Eastern And South Eastern Coasts Of The United States","07.12.98",0,"IEADB745"
"Agreement Between The Federal Government Of The Federal Republic Of Yugoslavia And The Government Of The Republic Of Bulgaria On Cooperation In The Field Of Veterinary Medicine","14.12.98",0,"IEADB749"
"Agreement Between Canada And The European Atomic Energy Community For Cooperation In The Area Of Nuclear Research","17.12.98",0,"ECOLEX814"
"Agreement Between The European Community And The Government Of Canada On Sanitary Measures To Protect Public And Animal Health In Respect Of Trade In Live Animals And Animal Products","17.12.98",0,"ECOLEX815"
"Agreement On Cooperation In The Area Of Environmental Monitoring","13.01.99",0,"IEADB753"
"Agreement Between The Republic Of Niger And The Republic Of Benin Relative To The Realization Of The Hydroelectric Management Of The Dyondyonga Site On The Mekrou River","14.01.99",1,"IEADB754"
"Protocol Setting Out The Fishing Opportunities And Financial Compensation Provided For In The Agreement Between The European Economic Community And The Republic Of Madagascar On Fishing Off Madagascar For The Period From 21 May 1998 To 20 May 2001","20.01.99",0,"GNEVAR647"
"Agreement On Plant Protection Cooperation Between The Government Of The Republic Of Croatia And The Government Of The Republic Of TUKy","10.02.99",0,"ECOLEX824"
"Agreement Between The Government Of The Republic Of Finland And The Government Of The Republic Of Estonia On Cooperation In The Field Of Water Protection (1999)","12.02.99",0,"GNEVAR649"
"Agreement On Transboundary Cooperation","26.02.99",0,"ECOLEX826"
"Agreement Between The Government Of The Hellenic Republic And The Government Of The Republic Of Latvia On Economic And Technological Cooperation","17.03.99",0,"ECOLEX829"
"Agreement On An Exchange Of Information In The Field Of Nuclear Safety And Radiation Protection","19.03.99",0,"GNEVAR652"
"Resolution Of The Heads Of States Of Central Asia On Approval Of The Statute Of The International Aral Sea Fund And Agreement On The Status Of IASF And Its Organizations","09.04.99",0,"ECOLEX831"
"Agreement On Cooperation In The Field Of Veterinary","16.04.99",0,"IEADB766"
"Agreement Between The Republic Of Brazil And The Republic Of Russian Federation On Animal Health Cooperation","23.04.99",0,"IEADB767"
"Agreement On Cooperation Concerning Protection Of Animal Health Between The Government Of Ukraine And The Government Of Argentina","29.04.99",0,"ECOLEX838"
"Agreement Between The Hellenic Republic And The Islamic Republic Of Iran For Economic Scientific And Technical Cooperation In The Field Of Agriculture","01.05.99",0,"ECOLEX839"
"Agreement In The Form Of An Exchange Of Letters Concerning The Provisional Application Of The Protocol Defining For The Period 18 January 1999 To 17 January 2002 The Fishing Opportunities And The Financial Contribution Provided For By The Agreement Between The European Economic Community And The Republic Of Seychelles On Fishing Off Seychelles","10.05.99",0,"ECOLEX841"
"Agreement Between Niger And Benin Regarding The Creation And Hydroelectric Management Of The Site At Dyodyonga On The River Mekrou","14.05.99",1,"IEADB771"
"Protocol Between Iceland And Russia To The Agreement Between Iceland Norway And Russia Concerning Certain Aspects Of Cooperation In The Area Of Fisheries","15.05.99",0,"GNEVAR660"
"Agreement Between Iceland Norway And Russia Concerning Certain Aspects Of Cooperation In The Area Of Fisheries","15.05.99",0,"IEADB772"
"Agreement Between The Government Of The Kingdom Of Denmark Together With The Home Government Of The Faeroe Islands On The 1 Hand And The Government Of The United Kingdom Of Great Britain And Northern Ireland On The Other Hand Relating To Maritime Delimitation In The Area Between The Faeroe Islands And The United Kingdom","18.05.99",0,"ECOLEX847"
"Agreement Between The Government Of The Republic Of Kazakhstan And The Government Of The Kyrgyz Republic On Comprehensive Use Of Water And Energy Resources Of The Naryn Syr Darya Cascade Reservoirs In 1999 (for The Toktogul Reservoir Operation Between Kyrgyzstan Kazakhstan And Uzbekistan)","22.05.99",0,"GNEVAR663"
"Memorandum Of Understanding Concerning Conservation Measures For Marine Turtles Of The Atlantic Coast Of Africa","29.05.99",0,"ECOLEX852"
"Protocol Of 3 June 1999 For The Modification Of The Convention Concerning International Carriage By Rail (COTIF) Of 9 May 1980 (1999 Protocol)","03.06.99",0,"ECOLEX853"
"Wildfire Protection Agreement Between The DepArticlement Of The Interior And The DepArticleent Of Agriculture Of The United States Of America And The Secretariat Of Environment Natural Resources And Fisheries Of The United Mexican States For The Common Border","04.06.99",0,"ECOLEX854"
"Protocol To Amend The Convention For The Establishment Of An Inter-American Tropical Tuna Commission","11.06.99",0,"IEADB780"
"Intergovernmental Agreement Between Bulgaria And Denmark On Cooperation In The Field Of Environment","14.06.99",0,"IEADB782"
"Protocol On Water And Health To The Convention On The Protection And Use Of Transboundary Watercourses And International Lakes","17.06.99",0,"IEADB784"
"Protocol Defining For The Period 18 January 1999 To 17 January 2002 The Fishing Opportunities And The Financial Contribution Provided For By The Agreement Between The European Economic Community And The Republic Of Seychelles On Fishing Off Seychelles","07.07.99",0,"GNEVAR669"
"Agreement For Cooperation Between The Cabinet Of Ministers Of Ukraine And The European Atomic Energy In The Field Of Controlled Nuclear Fusion","23.07.99",0,"ECOLEX865"
"Treaty On The State Border Between The Republic Of Croatia And Bosnia And Herzegovina","30.07.99",0,"GNEVAR674"
"Agreement Between The Government Of The Republic Of Croatia And The Government Of The Republic Of Albania On Cooperation In The Sphere Of Plant Protection","18.08.99",0,"IEADB794"
"Agreement On Scientific Technological And Environmental Cooperation Between Romania And The Socialist Republic Of Viet Nam","13.09.99",0,"IEADB797"
"Amendments To The Convention For The Establishment Of The European And Mediterranean Plant Protection Organization","15.09.99",0,"IEADB798"
"Memorandum Of Understanding On Agriculture Between The Hellenic Republic And The Palestine Liberation Organisation","09.10.99",0,"ECOLEX876"
"Protocol On The 6 Session Of The Greek-Czech Joint Committee For Science And Technology","03.11.99",0,"ECOLEX885"
"Agreed Minutes Of The Greek-Czech Meeting For Economic Cooperation","14.12.99",0,"ECOLEX901"
